ID,Data_Source_Type,Raw_Text_Snippet,Trend_Name_Predicted,Associated_Ingredients_Extracted,Key_Benefits_Extracted,Product_Types_Extracted,Target_Concerns_Extracted,Trend_Category_Assigned
1,Social Media Post,My esthetician told me to use a thin layer of a petroleum jelly product over my night cream. The next morning, my skin looked amazing. #sluglife,Slugging,"Petrolatum, Occlusives","Hydration Lock, Barrier Repair",Balm,Dehydration,Technique/Routine Trend
2,Product Review,Tried the new niacinamide serum and my pores are noticeably smaller. It’s also helped calm down the redness on my cheeks a lot.,Niacinamide,Niacinamide,"Pore Reduction, Anti-Redness",Serum,Enlarged Pores,Ingredient-Driven Trend
3,Blog Snippet,Experts are calling Squalane the non-comedogenic oil of the decade. It's plant-derived and mimics our skin's natural lipids perfectly.,Squalane,Squalane,"Non-Comedogenic, Moisturization",Oil,Dryness,Ingredient-Driven Trend
4,Social Media Post,I'm officially tired of my ten-step routine. I’m starting skinimalism and focusing on just a great cleanser, moisturizer, and SPF.,Skinimalism,N/A,"Simplified Routine, Efficiency",Cleanser, Over-Consumption,Cultural/Lifestyle Shift
5,Product Review,This cleanser in a solid stick form is genius! Zero plastic waste and it lathers up perfectly. Waterless beauty is the future.,Waterless Beauty,N/A,"Sustainability, Zero Waste",Solid Cleanser,Environmental Impact,Format/Sustainability Shift
6,Social Media Post,Does anyone know a good retinol alternative? My sensitive skin can't handle the peeling, but I need anti-aging benefits. I heard of Bakuchiol.,Bakuchiol (Retinol Alternative),Bakuchiol,"Anti-Aging, Gentle Renewal",Serum,Sensitivity,Ingredient-Driven Trend
7,Blog Snippet,Protect your skin from your screen! Blue light filters in daytime serums are becoming essential for desk workers and heavy phone users.,Blue Light Protection,Antioxidants,"Digital Stress Protection",Day Serum,Screen Exposure Damage,Problem-Solving Innovation
8,Product Review,The bottle is expensive, but the fact that it’s refillable makes me feel better about the environmental impact. Brand commitment matters.,Refillable Packaging,N/A,"Eco-Conscious, Reduced Waste",All Products,Environmental Impact,Format/Sustainability Shift
9,Social Media Post,Just started Skin Cycling! Retinol on Monday, AHA on Tuesday, and then two nights of just barrier repair. My skin hasn't been irritated at all.,Skin Cycling,"Retinol, AHA/BHA",Regimen Optimization,Exfoliant,Over-Exfoliation,Technique/Routine Trend
10,Blog Snippet,The power of microbiome-friendly formulas: They contain prebiotics and postbiotics that help the good bacteria on your skin thrive.,Microbiome-Friendly,"Prebiotics, Postbiotics","Balanced Flora, Skin Health",Moisturizer,Skin Biome Imbalance,Problem-Solving Innovation
11,Product Review,I love that brands are finally using upcycled coffee grounds in their exfoliants. Less waste and great results!,Upcycled Ingredients,Coffee Grounds,"Sustainability, Exfoliation",Scrub,Waste Reduction,Format/Sustainability Shift
12,Social Media Post,Obsessed with Cica! It's the ultimate soothing ingredient for my post-acne redness. Korean skincare knows best.,Cica/Centella Asiatica,Centella Asiatica,"Soothing, Redness Reduction",Serum,Post-Acne Marks,Ingredient-Driven Trend
13,Product Review,The texture of this essence is light but deeply hydrating. It's my new favorite step in my 7-layer routine.,7-Skin Method,Hyaluronic Acid,"Deep Hydration, Plumping",Essence,Dehydration,Technique/Routine Trend
14,Blog Snippet,For sensitive skin, consider a PHA toner over a harsh AHA. The larger molecule size means gentler exfoliation.,PHA (Polyhydroxy Acids),PHA,"Gentle Exfoliation, Brightening",Toner,Sensitivity,Ingredient-Driven Trend
15,Social Media Post,Is the DIY Vitamin C mask a good idea? It made my skin itch. I think I'll stick to stable, professionally formulated products.,DIY Skincare (Vitamin C),Vitamin C Powder,"Affordability, High Potency",Mask,Breakout Risk,Fad/Misinformation
16,Product Review,My skin looks so dull after a flight. I need a serum that specifically tackles the effects of air pollution and city grime.,Anti-Pollution Skincare,Antioxidants,Neutralization,Serum,Environmental Stress,Problem-Solving Innovation
17,Blog Snippet,Hyper-Personalization is here. AI analyzing your skin and printing a custom 3D-printed face mask in-store.,Hyper-Personalization,AI,Customization,3D-Printed Mask,Generic Products,Cultural/Lifestyle Shift
18,Social Media Post,Finally found a non-drying AHA/BHA peel that incorporates probiotics. My texture is gone! #chemicalexfoliation,Probiotics (Exfoliation),Probiotics,Texture Improvement,Peel,Rough Texture,Ingredient-Driven Trend
19,Product Review,Disappointed. This 'clean' foundation still contains essential oils which irritate my rosacea. Brands need to be truly fragrance-free.,Truly Fragrance-Free,Essential Oils,Non-Irritating,Foundation,Rosacea,Cultural/Lifestyle Shift
20,Blog Snippet,The rise of Skincare Devices: From microcurrent to LED masks, consumers are bringing the spa home for long-term results.,At-Home Devices,Microcurrent,Toning,Device,Aging Signs,Cultural/Lifestyle Shift
21,Social Media Post,I'm hearing a lot about 'fermented' ingredients lately. Does this make the skincare work better?,Fermented Skincare,"Fermented Extracts, Yeasts",Potency,Serum,Ingredient Efficacy,Ingredient-Driven Trend
22,Product Review,The best anti-aging product I've used contains a high concentration of peptides. Noticeable reduction in neck lines.,Peptide Complex,Various Peptides,"Firming, Anti-Aging",Neck Cream,Fine Lines,Ingredient-Driven Trend
23,Blog Snippet,Fungal Acne awareness is growing. Look for products that are non-Malassezia triggering when buying moisturizers.,Fungal Acne Safe,N/A,"Non-Comedogenic, Clearing",Moisturizer,Fungal Acne,Problem-Solving Innovation
24,Social Media Post,Need a quick fix for my under-eye bags after a sleepless night. Anyone recommend a cooling gua sha routine?,Gua Sha/Facial Massage,N/A,"De-puffing, Lymphatic Drainage",Tool,Puffiness,Technique/Routine Trend
25,Product Review,This face wash is PH-balanced and gentle. My skin never feels stripped after double cleansing.,Double Cleansing,Oil Cleanser,Thorough Cleansing,Oil Cleanser,Makeup Removal,Technique/Routine Trend
26,Social Media Post,Trying out the 'Sandwich Method' for my retinol tonight to prevent irritation. Moisturizer, retinol, then moisturizer again.,Retinol Sandwich Method,Retinol,Irritation Prevention,Retinol Cream,Sensitivity,Technique/Routine Trend
27,Product Review,This new face cream has a sustainable, reusable glass jar with a small recyclable pod inside. Love the low-impact approach.,Sustainable Refills,N/A,Reduced Environmental Impact,Cream,Packaging Waste,Format/Sustainability Shift
28,Blog Snippet,The debate over Vitamin C derivatives vs. L-Ascorbic Acid is getting heated. Stability is key for efficacy.,Vitamin C Stability,L-Ascorbic Acid,Potency,Serum,Oxidation,Ingredient-Driven Trend
29,Social Media Post,My derm recommended a low-concentration Tretinoin, but I'm worried about the purge. Should I start with Retinaldehyde instead?,Retinaldehyde,Retinaldehyde,"Potent, Less Irritating",Serum,Acne Purge,Ingredient-Driven Trend
30,Product Review,This serum contains snow mushroom extract—it holds way more water than HA, apparently. My skin is super bouncy!,Snow Mushroom,Snow Mushroom Extract,"Extreme Hydration, Plumpness",Serum,Dry Skin,Ingredient-Driven Trend
31,Social Media Post,Is the 'Slugging' trend just a greasy mess or is it genuinely good for a compromised barrier? I'm skeptical.,Slugging,Petroleum,Barrier Repair,Occlusive,Compromised Barrier,Technique/Routine Trend
32,Product Review,Best cleanser for my sensitive skin—it's sulfate-free and has a lovely cloud-like texture.,Sulfate-Free Skincare,N/A,"Gentle Cleansing, Non-Stripping",Cleanser,Sensitivity,Cultural/Lifestyle Shift
33,Blog Snippet,Post-workout skincare is crucial to prevent bacne. Look for salicylic acid body sprays immediately after the gym.,Post-Workout Skincare,Salicylic Acid,"Acne Prevention, Cleansing",Body Spray,Bacne,Cultural/Lifestyle Shift
34,Social Media Post,My skin texture improved so fast with this new toner! It has Mandelic Acid, which is great for acne-prone complexions.,Mandelic Acid,Mandelic Acid,"Acne Treatment, Texture Smoothing",Toner,Acne,Ingredient-Driven Trend
35,Product Review,I hate using sheet masks—they feel wasteful. Switched to a reusable silicone mask to boost my serum absorption.,Reusable Silicone Masks,Silicone,Sustainability,Mask,Single-Use Waste,Format/Sustainability Shift
36,Blog Snippet,The importance of a broad-spectrum mineral SPF that doesn't leave a white cast. Consumers want invisible protection.,Invisible Mineral SPF,Zinc Oxide,"Broad Spectrum Protection, No White Cast",Sunscreen,White Cast,Problem-Solving Innovation
37,Social Media Post,I've seen so many brands pushing 'toxin-free' marketing lately. It feels like fear-mongering and I'm confused about what's safe.,Clean Beauty Confusion,N/A,Transparency,All Products,Ingredient Scrutiny,Fad/Misinformation
38,Product Review,The microcurrent device I bought has significantly lifted my cheekbones after only a month of use.,Microcurrent Devices,N/A,"Lifting, Toning",Device,Sagging Skin,Cultural/Lifestyle Shift
39,Blog Snippet,Ferulic acid and Vitamin E are vital when pairing with Vitamin C. They stabilize it and boost its antioxidant power.,Antioxidant Synergy,"Ferulic Acid, Vitamin E","Stabilization, Potency",Serum,Oxidation,Ingredient-Driven Trend
40,Social Media Post,Anyone else using Azelaic Acid for their redness and small bumps? It's been my holy grail for rosacea flare-ups.,Azelaic Acid,Azelaic Acid,"Redness Reduction, Calming",Cream,Rosacea,Ingredient-Driven Trend
41,Product Review,This moisturizer is labeled 'reef-safe.' That's a huge factor in my purchasing decision now.,Reef-Safe Sunscreen,N/A,Environmental Safety,Sunscreen,Ocean Pollution,Format/Sustainability Shift
42,Blog Snippet,Using LED light therapy at home is becoming mainstream. Red light for collagen, blue light for acne.,LED Light Therapy,LED Light,Acne Treatment,Device,Collagen Loss,Cultural/Lifestyle Shift
43,Social Media Post,I’m obsessed with everything that says 'Ceramide Barrier.' It's the only thing that stops my dry patches in the winter.,Ceramide Barrier Repair,Ceramides,"Skin Barrier Strength, Hydration",Moisturizer,Dry Patches,Ingredient-Driven Trend
44,Product Review,This waterless cleansing balm is fantastic. So much better for the environment and I only need a tiny bit.,Waterless Cleansing Balm,N/A,Sustainability,Cleansing Balm,Water Waste,Format/Sustainability Shift
45,Blog Snippet,The rise of 'Dermatologist-Developed' brands—consumers want medical authority behind their product choices.,Dermatologist-Developed,N/A,Trust,All Products,Consumer Skepticism,Cultural/Lifestyle Shift
46,Social Media Post,My new routine involves skipping toner and just doing a few layers of hydrating essence. It's the 7-layer method.,7-Skin Method,Hydrating Essence,Deep Penetration,Essence,Toner,Technique/Routine Trend
47,Product Review,The packaging is beautiful, but I wish it came in a smaller, travel-friendly version without all the excess box waste.,Minimalist Packaging,N/A,Reduced Waste,All Products,Packaging Waste,Format/Sustainability Shift
48,Blog Snippet,The importance of addressing 'Inflammaging,' where low-grade chronic inflammation accelerates skin aging.,Inflammaging,Anti-Inflammatories,"Aging Prevention, Calming",Serum,Chronic Inflammation,Problem-Solving Innovation
49,Social Media Post,Just bought a product that claims to use 'upcycled oat milk.' Love the circular economy approach in beauty.,Upcycled Ingredients,Oat Milk,Sustainability,Cream,Waste Reduction,Format/Sustainability Shift
50,Product Review,This serum is super high-tech. It adjusts its PH based on my skin's needs throughout the day. True personalization.,Dynamic Personalization,AI Sensor,Real-Time Adjustment,Serum,Fluctuating Skin Needs,Cultural/Lifestyle Shift
51,Social Media Post,Using a clay mask right before showering helps prevent it from fully drying out and being too harsh.,Masking Technique,Clay,Gentler Application,Mask,Skin Stripping,Technique/Routine Trend
52,Product Review,I feel like I'm wasting my money on expensive eye cream. My regular moisturizer does the job just as well.,Eye Cream Skepticism,N/A,Cost-Effectiveness,Eye Cream,Product Redundancy,Cultural/Lifestyle Shift
53,Blog Snippet,The growth of 'Skinimalism' means brands need to focus on high-potency, multi-tasking formulas.,Multi-Tasking Formulas,"Niacinamide, Retinol","Efficiency, Potency",Serum,Complex Routines,Cultural/Lifestyle Shift
54,Social Media Post,My therapist recommended a gentle cleanser with Colloidal Oatmeal to soothe my stress-induced dermatitis.,Colloidal Oatmeal,Colloidal Oatmeal,Soothing,Cleanser,Stress-Induced Dermatitis,Ingredient-Driven Trend
55,Product Review,I switched to an enzyme cleanser instead of AHA/BHA. It’s effective but without the stinging sensation.,Enzyme Cleansing,Enzymes,"Gentle Exfoliation, No Stinging",Cleanser,Sensitivity,Ingredient-Driven Trend
56,Blog Snippet,The next big thing in anti-aging is targeting Senescent Cells. Look for ingredients that act as 'Senolytics.',Senolytics,Senolytic Compounds,"Cellular Rejuvenation, Longevity",Serum,Cellular Aging,Problem-Solving Innovation
57,Social Media Post,My skin biome is finally balanced thanks to a new serum rich in fermented lactobacillus.,Probiotic Skincare,Lactobacillus,Microbiome Balance,Serum,Breakouts,Ingredient-Driven Trend
58,Product Review,I love that this brand provides a full ingredient list and sourcing transparency. No 'trade secrets' here.,Ingredient Transparency,N/A,Trust,All Products,Consumer Skepticism,Cultural/Lifestyle Shift
59,Blog Snippet,The 'Skin Cycling' phenomenon is all about structured rest days to maximize active ingredients like Tretinoin.,Structured Routine/Rest,"Retinoids, Recovery",Moisturizer,Irritation,Technique/Routine Trend
60,Social Media Post,The best way to prevent neck lines is using your face serums all the way down to your chest! It's preventative.,Neck/Décolletage Care,Peptides,Line Prevention,Serum,Aging Signs,Technique/Routine Trend
61,Product Review,I bought the LED mask with all the different lights. It's expensive but totally worth the spa-like feeling at home.,LED Light Therapy,LED Light,Acne Treatment,Device,Acne,Cultural/Lifestyle Shift
62,Blog Snippet,Chemical sunscreens are being phased out in many coastal areas due to coral bleaching. Mineral is the way to go.,Reef-Safe Sunscreen,Mineral Filters,Environmental Safety,Sunscreen,Coral Bleaching,Format/Sustainability Shift
63,Social Media Post,My skin is so reactive lately. I'm only using products labeled 'Hypoallergenic' and 'Non-irritating.',Hypoallergenic Skincare,N/A,Safety,All Products,Reactive Skin,Cultural/Lifestyle Shift
64,Product Review,This body wash is waterless and comes as a powder you activate. Incredible for traveling and the planet.,Waterless Body Wash,N/A,Portability,Body Wash,Water Waste,Format/Sustainability Shift
65,Blog Snippet,Why you should be using a separate 'Lip Balm with SPF' every day. Lips are often forgotten in sun protection.,Lip SPF,SPF Filters,Sun Protection,Lip Balm,Sun Damage,Problem-Solving Innovation
66,Social Media Post,I'm making my own face oil blend with rosehip and jojoba. I feel like I know exactly what's going on my skin.,DIY Custom Oils,Rosehip Oil,Control,Face Oil,Ingredient Scrutiny,Fad/Misinformation
67,Product Review,This anti-pollution mist is my lifeline on the subway. I feel like it creates a shield against the city grime.,Anti-Pollution Skincare,Antioxidants,Barrier Shield,Mist,City Grime,Problem-Solving Innovation
68,Blog Snippet,The trend of using body care ingredients like Hyaluronic Acid and Niacinamide on your body is booming.,Body Care Ingredients,Niacinamide,Texture Smoothing,Body Lotion,Body Texture,Cultural/Lifestyle Shift
69,Social Media Post,My skin feels amazing after using a cleansing balm. It’s the first step of my double-cleanse routine.,Double Cleansing,Cleansing Balm,Makeup Removal,Cleansing Balm,Heavy Makeup,Technique/Routine Trend
70,Product Review,I'm seeing great results with Tranexamic Acid for my persistent post-inflammatory hyperpigmentation.,Tranexamic Acid,Tranexamic Acid,"Hyperpigmentation Reduction",Serum,Dark Spots,Ingredient-Driven Trend
71,Blog Snippet,The move towards 'Solid' beauty products—shampoo, cleanser, and moisturizer bars—to eliminate plastic bottles.,Solid Beauty Products,N/A,Sustainability,Cleanser Bar,Plastic Waste,Format/Sustainability Shift
72,Social Media Post,Does anyone else avoid 'Fragrance' even if it's natural essential oils? My skin just prefers unscented products.,Fragrance-Free (Strict),Essential Oils,Safety,All Products,Sensitivity,Cultural/Lifestyle Shift
73,Product Review,This cream has an airless pump that keeps the Vitamin C super stable. No more oxidized product!,Airless Packaging,N/A,Ingredient Stability,Cream,Oxidation,Format/Sustainability Shift
74,Blog Snippet,Why you need to incorporate 'Ashwagandha' (adaptogen) into your routine to fight stress-induced skin damage.,Adaptogenic Skincare,Ashwagandha,Stress Management,Serum,Cortisol Damage,Problem-Solving Innovation
75,Social Media Post,I'm completely obsessed with my new gua sha routine. It's so relaxing and helps depuff my face in the morning.,Gua Sha/Facial Massage,N/A,"Relaxation, De-puffing",Tool,Morning Swelling,Technique/Routine Trend
76,Product Review,This product is great, but the cardboard outer packaging is unnecessarily bulky. Needs a minimalist design.,Minimalist Packaging,N/A,Reduced Waste,All Products,Excess Packaging,Format/Sustainability Shift
77,Blog Snippet,The secret to getting your retinol to work better is the 'Sandwich Method.' Less irritation, same results.,Retinol Sandwich Method,Retinol,Irritation Prevention,Moisturizer,Retinol Side Effects,Technique/Routine Trend
78,Social Media Post,I've switched to a refillable hand wash bottle. It's a small change but makes me feel better about my plastic consumption.,Sustainable Refills,N/A,Reduced Plastic Waste,Hand Wash,Plastic Consumption,Format/Sustainability Shift
79,Product Review,The best anti-aging product I've used contains a high concentration of exosomes. Noticeable reduction in neck lines.,Exosome Technology,Exosomes,"Cellular Repair, Regeneration",Serum,Aging Signs,Ingredient-Driven Trend
80,Blog Snippet,Are the new 'smart patch' skin sensors the future of personalization? They measure hydration in real-time.,Smart Skin Sensors,N/A,"Real-Time Monitoring, Personalization",Patch,Inaccurate Self-Diagnosis,Cultural/Lifestyle Shift
81,Social Media Post,My skin looks so much healthier since I started focusing on my 'skin barrier.' Ceramides are key!,Skin Barrier Focus,Ceramides,Strengthening,Moisturizer,Compromised Barrier,Ingredient-Driven Trend
82,Product Review,This cleanser is 'microbiome-friendly' and doesn't disrupt my skin's natural flora, which I love.,Microbiome-Friendly,N/A,Flora Balance,Cleanser,Skin Stripping,Problem-Solving Innovation
83,Blog Snippet,The new focus on 'Chronobiology'—skincare that works with your skin's natural day-night cycle.,Chronobiology Skincare,N/A,"Cycle Synchronization, Optimal Efficacy",Night Cream,Improper Routine,Problem-Solving Innovation
84,Social Media Post,I’m trying to go 'waterless' in my routine to be more sustainable. Any recommendations for anhydrous serums?,Waterless Beauty,N/A,Sustainability,Serum,Water Conservation,Format/Sustainability Shift
85,Product Review,I like how this brand uses **Fermented Rice Water**. It makes the product feel more potent and traditional.,Fermented Skincare,Fermented Rice Water,Potency,Toner,Ingredient Efficacy,Ingredient-Driven Trend
86,Blog Snippet,We are seeing a rise in 'Hyper-Personalized' face masks created on demand based on a skin scan.,Hyper-Personalization,AI,Custom Formulation,Mask,Generic Solutions,Cultural/Lifestyle Shift
87,Social Media Post,Started using a PHA wash every morning. So gentle and helps with texture without the irritation of glycolic acid.,PHA (Polyhydroxy Acids),PHA,Gentle Exfoliation,Cleanser,Sensitivity,Ingredient-Driven Trend
88,Product Review,The brand's commitment to 'Ocean Plastic' recycling in their packaging is a game-changer for me.,Ocean Plastic Recycling,N/A,Sustainability,All Products,Ocean Pollution,Format/Sustainability Shift
89,Blog Snippet,The 'Skin Cycling' regimen is the most effective way to introduce Retinol without causing a massive breakout.,Skin Cycling,Retinol,Acne Prevention,Retinol Cream,Irritation,Technique/Routine Trend
90,Social Media Post,I bought a peptide serum for my neck and décolletage. It's where I'm seeing the most fine lines.,Neck/Décolletage Care,Peptides,Line Reduction,Serum,Aging Signs,Technique/Routine Trend
91,Product Review,This eye cream has caffeine to instantly de-puff. It's my go-to for tired eyes.,Caffeine Skincare,Caffeine,De-puffing,Eye Cream,Puffiness,Ingredient-Driven Trend
92,Blog Snippet,Why 'Postbiotics' are the new buzzword in gut and skin health. They feed the good bacteria.,Postbiotic Skincare,Postbiotics,Microbiome Support,Serum,Skin Health,Ingredient-Driven Trend
93,Social Media Post,I've reduced my routine to three steps: cleanse, a simple ceramide moisturizer, and SPF. Goodbye 12-step routine.,Skinimalism,Ceramides,Simplicity,Moisturizer,Product Fatigue,Cultural/Lifestyle Shift
94,Product Review,I tried 'slugging' with coconut oil, but it clogged my pores badly. Sticking to actual barrier repair products now.,Slugging (Misapplied),Coconut Oil,Hydration Lock,Oil,Clogged Pores,Fad/Misinformation
95,Blog Snippet,The rise of 'Waterless Cleansing Bars' to reduce the carbon footprint associated with shipping water-heavy products.,Solid Cleansing Bars,N/A,Carbon Footprint Reduction,Cleanser Bar,Shipping Weight,Format/Sustainability Shift
96,Social Media Post,My derm suggested I look for products that contain 'hypochlorous acid' to manage my adult acne flares.,Hypochlorous Acid,Hypochlorous Acid,Acne Management,Spray,Adult Acne,Ingredient-Driven Trend
97,Product Review,This anti-blue light cream actually makes a difference when I'm working 10 hours a day on the computer.,Blue Light Protection,Antioxidants,Screen Stress Protection,Cream,Digital Aging,Problem-Solving Innovation
98,Blog Snippet,The latest trend is 'Clean' at the ingredient level—no questionable preservatives or fillers.,Ingredient-Level Cleanliness,N/A,Safety,All Products,Ingredient Scrutiny,Cultural/Lifestyle Shift
99,Social Media Post,I'm trying the 'Oil Cleansing' method for the first time. It removes my waterproof mascara without scrubbing!,Oil Cleansing,Oil Cleanser,Thorough Makeup Removal,Cleanser,Waterproof Makeup,Technique/Routine Trend
100,Product Review,The packaging is a pump bottle which is easy to use, but I worry about recycling the plastic components.,Packaging Recyclability,Plastic Pump,Convenience,All Products,Plastic Waste,Format/Sustainability Shift
101,Blog Snippet,The focus on 'Barrier Repair' is paramount now that consumers are over-exfoliating with harsh acids.,Barrier Repair Focus,Ceramides,Damage Reversal,Serum,Over-Exfoliation,Problem-Solving Innovation
102,Social Media Post,I'm trying to use only 'vegan' and 'cruelty-free' products. Ethics are a huge part of my buying decisions.,Ethical/Vegan Beauty,N/A,Ethical Sourcing,All Products,Animal Testing,Cultural/Lifestyle Shift
103,Product Review,I used my LED mask for the blue light setting and my hormonal breakouts cleared up way faster.,LED Light Therapy,Blue Light,Hormonal Acne Clearing,Device,Hormonal Breakouts,Cultural/Lifestyle Shift
104,Blog Snippet,Look for 'Exosomes' in high-end anti-aging products. They are cell-derived vesicles that signal rejuvenation.,Exosome Technology,Exosomes,Cellular Regeneration,Serum,Aging Signs,Ingredient-Driven Trend
105,Social Media Post,I love how this solid moisturizer bar leaves my skin feeling. It's so much more concentrated than a cream.,Waterless Moisturizer Bar,N/A,Concentration,Moisturizer Bar,Packaging Waste,Format/Sustainability Shift
106,Product Review,This serum has a high concentration of Vitamin C and Ferulic Acid. It keeps the product from turning yellow.,Antioxidant Synergy,"Vitamin C, Ferulic Acid",Stabilization,Serum,Oxidation,Ingredient-Driven Trend
107,Blog Snippet,The new term is 'Holistic Skincare'—connecting gut health, stress, and sleep to skin appearance.,Holistic Skincare,Adaptogens,Overall Wellness,All Products,Stress,Cultural/Lifestyle Shift
108,Social Media Post,I am using my microcurrent device religiously. I can see a slight lift in my jawline after a few weeks.,Microcurrent Devices,N/A,"Lifting, Toning",Device,Sagging Skin,Cultural/Lifestyle Shift
109,Product Review,I’m obsessed with the 'Cica' in this night cream. It’s perfect for calming my skin after a harsh day.,Cica/Centella Asiatica,Centella Asiatica,Calming,Night Cream,Irritation,Ingredient-Driven Trend
110,Blog Snippet,Focus on a gentle 'Double Cleanse' routine with a Micellar Water followed by a milk cleanser.,Double Cleansing,Micellar Water,Thorough Cleansing,Cleanser,Dirt Buildup,Technique/Routine Trend
111,Social Media Post,My esthetician recommended 'Hydrocolloid Patches' for my pimples. They are amazing at drawing out gunk.,Hydrocolloid Patches,Hydrocolloid,"Spot Treatment, Healing",Patch,Pimples,Problem-Solving Innovation
112,Product Review,This PHA toner has improved my texture dramatically without any stinging or redness.,PHA (Polyhydroxy Acids),PHA,"Gentle Exfoliation, Texture Improvement",Toner,Rough Texture,Ingredient-Driven Trend
113,Blog Snippet,Why the 'Sandwich Method' is the best way to use strong acids. Buffer the skin first!,Acid Sandwich Method,BHA/AHA,Irritation Prevention,Moisturizer,Chemical Burn,Technique/Routine Trend
114,Social Media Post,I only buy products that are 'Made with PCR Plastic' (Post-Consumer Recycled). Sustainability is my priority.,PCR Plastic Packaging,N/A,Sustainability,All Products,Virgin Plastic Use,Format/Sustainability Shift
115,Product Review,This serum contains 'Tranexamic Acid' and I’m finally seeing my melasma lighten. This is a game-changer.,Tranexamic Acid,Tranexamic Acid,"Melasma Treatment, Pigmentation",Serum,Melasma,Ingredient-Driven Trend
116,Blog Snippet,The trend of 'Waterless Powder Cleansers' is great for the environment but tricky to use without a mess.,Waterless Powder Cleansers,N/A,Sustainability,Cleanser,Water Waste,Format/Sustainability Shift
117,Social Media Post,I am addicted to my gua sha. It’s my daily self-care ritual and helps drain all the fluid from my face.,Gua Sha/Facial Massage,N/A,Lymphatic Drainage,Tool,Facial Bloating,Technique/Routine Trend
118,Product Review,My dermatologist recommended 'Azelaic Acid' to manage my long-term redness from old acne scars.,Azelaic Acid,Azelaic Acid,Redness Reduction,Cream,Acne Scars,Ingredient-Driven Trend
119,Blog Snippet,The best way to prevent 'Tech Neck' wrinkles is a dedicated neck cream and keeping your phone higher.,Tech Neck Prevention,Peptides,Line Prevention,Neck Cream,Posture Wrinkles,Problem-Solving Innovation
120,Social Media Post,I'm done with complicated routines. 'Skinimalism' has saved me time and my wallet.,Skinimalism,N/A,Efficiency,Cleanser,Product Overload,Cultural/Lifestyle Shift
121,Product Review,I love that this brand sources 'upcycled fruit oils' from food waste. It feels innovative and responsible.,Upcycled Ingredients,Fruit Oils,Sustainability,Face Oil,Food Waste,Format/Sustainability Shift
122,Blog Snippet,The move toward 'At-Home Peels' and strong actives means consumers are taking their skincare into their own hands.,At-Home Peels,AHA/BHA,High Potency,Peel,In-Office Treatments,Cultural/Lifestyle Shift
123,Social Media Post,I only use mineral sunscreen that is 'Non-Nano' to ensure the particles aren't absorbed into my body.,Non-Nano Mineral SPF,Zinc Oxide,Safety,Sunscreen,Particle Absorption,Problem-Solving Innovation
124,Product Review,The 'Bakuchiol' in this serum is truly as good as a low-dose retinol without the flaking.,Bakuchiol (Retinol Alternative),Bakuchiol,Anti-Aging,Serum,Flaking,Ingredient-Driven Trend
125,Blog Snippet,The importance of a 'Prebiotic' serum to ensure your skin's good bacteria can fight off the bad ones.,Prebiotic Skincare,Prebiotics,Flora Support,Serum,Acne Bacteria,Ingredient-Driven Trend
126,Social Media Post,I tried a DIY 'Lemon Juice' mask for brightening. It burned my skin. Never again!,DIY Skincare (Acidic),Lemon Juice,Brightening,Mask,Chemical Burn,Fad/Misinformation
127,Product Review,This is the best anti-pollution spray I’ve used. It's my third bottle since I moved to the city.,Anti-Pollution Skincare,Antioxidants,Environmental Defense,Mist,City Pollution,Problem-Solving Innovation
128,Blog Snippet,The new focus on 'Skin Longevity' means targeting cellular processes rather than just surface wrinkles.,Skin Longevity,N/A,Cellular Health,Serum,Aging,Problem-Solving Innovation
129,Social Media Post,I'm trying the 'Micro-Dosing' technique with my high-potency Vitamin C. Just a tiny drop every night.,Micro-Dosing Actives,Vitamin C,Irritation Control,Serum,Sensitivity,Technique/Routine Trend
130,Product Review,My skin is so much smoother since I started using an 'Enzyme Peel.' No downtime required.,Enzyme Peels,Enzymes,Gentle Resurfacing,Peel,Downtime,Ingredient-Driven Trend
131,Blog Snippet,The push for 'Genderless Beauty' is reshaping how brands market products, focusing on function over gender.,Genderless Beauty,N/A,Inclusivity,All Products,Gender Stereotypes,Cultural/Lifestyle Shift
132,Social Media Post,I love the 'solid' format of this oil cleanser. It's so much less messy and perfect for travel.,Solid Oil Cleanser,N/A,Portability,Cleanser,Travel,Format/Sustainability Shift
133,Product Review,This moisturizer has an airless pump that ensures every last drop is used and no air gets in.,Airless Packaging,N/A,Product Efficacy,Moisturizer,Air Oxidation,Format/Sustainability Shift
134,Blog Snippet,The trend of using 'Snow Mushroom' as the new Hyaluronic Acid is based on its superior water retention.,Snow Mushroom,Snow Mushroom Extract,Superior Hydration,Serum,Dehydration,Ingredient-Driven Trend
135,Social Media Post,I only buy from brands that offer a full 'ingredient provenance'—where the active ingredients were sourced.,Ingredient Provenance,N/A,Trust,All Products,Sourcing Transparency,Cultural/Lifestyle Shift
136,Product Review,The 'microcurrent' device is the only thing that's helped my nasolabial folds. Worth the investment.,Microcurrent Devices,N/A,Facial Toning,Device,Wrinkles,Cultural/Lifestyle Shift
137,Blog Snippet,The key to a good routine is 'Layering' thin textures before thick ones. Essence, serum, cream.,Layering Technique,N/A,Absorption,Essence,Product Ineffectiveness,Technique/Routine Trend
138,Social Media Post,I’m obsessed with the soothing properties of 'Colloidal Oatmeal' for my winter-chapped skin.,Colloidal Oatmeal,Colloidal Oatmeal,Soothing,Cream,Chapped Skin,Ingredient-Driven Trend
139,Product Review,This brand offers 'refillable' sunscreens which is amazing! Less plastic waste every summer.,Sustainable Refills,N/A,Reduced Waste,Sunscreen,Plastic Waste,Format/Sustainability Shift
140,Blog Snippet,The latest in personalization is 'DNA-based Skincare' where products are formulated based on your genetic risk.,DNA-Based Skincare,N/A,Precise Customization,Serum,Generic Solutions,Cultural/Lifestyle Shift
141,Social Media Post,I've incorporated 'Hypochlorous Acid' spray into my post-gym routine to prevent sweat-related breakouts.,Post-Workout Skincare,Hypochlorous Acid,Acne Prevention,Spray,Sweat Acne,Problem-Solving Innovation
142,Product Review,I love that this brand uses 'Post-Consumer Recycled Plastic' for their tubes. It’s responsible packaging.,PCR Plastic Packaging,N/A,Sustainability,Tube,Virgin Plastic Use,Format/Sustainability Shift
143,Blog Snippet,The 'Skin Cycling' approach with controlled rest days has minimized my irritation from using Retinaldehyde.,Skin Cycling,Retinaldehyde,Controlled Usage,Retinoid,Sensitivity,Technique/Routine Trend
144,Social Media Post,I only use products labeled 'Paraben-Free' and 'Sulfate-Free' for my sensitive, acne-prone skin.,Free-From Skincare,Parabens,Safety,Cleanser,Ingredient Fear,Cultural/Lifestyle Shift
145,Product Review,The 'Tranexamic Acid' in this body lotion has started to lighten the dark spots on my legs.,Tranexamic Acid,Tranexamic Acid,Hyperpigmentation Reduction,Body Lotion,Dark Spots,Ingredient-Driven Trend
146,Blog Snippet,The focus on 'Anti-Inflammation' is key to anti-aging, as inflammation is the root of many skin issues.,Anti-Inflammation Focus,Cica,Aging Prevention,Serum,Chronic Inflammation,Problem-Solving Innovation
147,Social Media Post,I tried the '7-Skin Method' for a week, and my skin became too saturated and broke out. Less is more for me.,7-Skin Method (Rejection),N/A,Deep Hydration,Toner,Product Saturation,Fad/Misinformation
148,Product Review,This is the best serum I've used because of the 'Bakuchiol.' Great for fine lines without the peeling.,Bakuchiol (Retinol Alternative),Bakuchiol,Line Reduction,Serum,Peeling,Ingredient-Driven Trend
149,Blog Snippet,The best way to prevent your eye area from absorbing your face cream is the 'Sandwich Method' with an eye cream base.,Eye Sandwich Method,N/A,Targeted Application,Eye Cream,Product Migration,Technique/Routine Trend
150,Social Media Post,I'm looking for a 'microbiome-safe' sunscreen that protects without stripping my skin's good bacteria.,Microbiome-Friendly Sunscreen,N/A,Flora Protection,Sunscreen,Sunscreen Stripping,Problem-Solving Innovation
151,Product Review,The serum uses 'Fermented Black Tea' which is supposed to be more bioavailable and easily absorbed.,Fermented Skincare,Fermented Black Tea,Bioavailability,Serum,Absorption,Ingredient-Driven Trend
152,Blog Snippet,The new wave of 'Smart Patches' can administer custom doses of actives directly into the skin overnight.,Smart Patch Delivery,Micro-Needles,Controlled Dosing,Patch,Inconsistent Application,Cultural/Lifestyle Shift
153,Social Media Post,I only use 'Hypoallergenic' products now because I had a bad reaction to essential oils in my last cream.,Hypoallergenic Skincare,N/A,Safety,Cream,Essential Oil Allergy,Cultural/Lifestyle Shift
154,Product Review,This 'solid' face wash is amazing for my skin barrier—it's super gentle and low-PH.,Solid Cleanser Bar,N/A,Gentle Cleansing,Cleanser Bar,High PH Cleansers,Format/Sustainability Shift
155,Blog Snippet,Why 'Snow Mushroom' is the superior humectant: its high molecular weight creates a better film on the skin.,Snow Mushroom,Snow Mushroom Extract,Water Retention,Serum,Dehydration,Ingredient-Driven Trend
156,Social Media Post,My skin looks so good after using a 'microcurrent' facial tool. It's like a mini facelift at home.,Microcurrent Devices,N/A,Lifting,Device,Facial Sagging,Cultural/Lifestyle Shift
157,Product Review,The best part of this brand is that they offer a 'take-back program' for all their empty packaging.,Packaging Take-Back Program,N/A,Circular Economy,All Products,Landfill Waste,Format/Sustainability Shift
158,Blog Snippet,The importance of a separate 'Blue Light' setting on your LED mask for treating tech-induced acne.,LED Blue Light,Blue Light,Tech Acne Treatment,Device,Digital Stress,Problem-Solving Innovation
159,Social Media Post,I'm focusing on 'Skin Barrier Repair' exclusively this month. My routine is just Cica and Ceramides.,Barrier Repair Focus,"Cica, Ceramides",Healing,Moisturizer,Damage,Ingredient-Driven Trend
160,Product Review,This new lip balm contains 'Peptides' to help plump and reduce fine lines around my mouth.,Peptide Lip Care,Peptides,Plumping,Lip Balm,Lip Lines,Ingredient-Driven Trend
161,Blog Snippet,The new focus on 'Anti-Glycation'—targeting sugar-induced skin damage that causes premature aging.,Anti-Glycation,N/A,Aging Prevention,Serum,Sugar Damage,Problem-Solving Innovation
162,Social Media Post,I love the 'solid' face scrub format—no water means it's super concentrated and effective.,Solid Scrub,N/A,Concentration,Scrub,Product Dilution,Format/Sustainability Shift
163,Product Review,The 'Azelaic Acid' in this spot treatment cleared up my small, stubborn bumps in days.,Azelaic Acid,Azelaic Acid,Spot Clearing,Spot Treatment,Bumps,Ingredient-Driven Trend
164,Blog Snippet,The 'Double Cleansing' method is a necessity for anyone wearing heavy SPF or full-coverage makeup.,Double Cleansing,Oil Cleanser,Thorough Cleansing,Cleanser,Residual Product,Technique/Routine Trend
165,Social Media Post,I'm trying 'micro-dosing' my Retinaldehyde by mixing a tiny amount with my moisturizer every other night.,Micro-Dosing Actives,Retinaldehyde,Irritation Control,Moisturizer,Sensitivity,Technique/Routine Trend
166,Product Review,The 'Colloidal Oatmeal' in this face wash is amazing. It calmed my dermatitis flare-up instantly.,Colloidal Oatmeal,Colloidal Oatmeal,Soothing,Face Wash,Dermatitis,Ingredient-Driven Trend
167,Blog Snippet,The rise of 'Waterless Masks' in powder form—you just mix them with a small amount of water at home.,Waterless Masks,N/A,Sustainability,Mask,Pre-Mixed Solutions,Format/Sustainability Shift
168,Social Media Post,My skin is glowing thanks to 'Skin Cycling.' The rest days are the secret to preventing barrier damage.,Skin Cycling,N/A,Preventative Care,Moisturizer,Barrier Damage,Technique/Routine Trend
169,Product Review,This serum has a high concentration of 'Exosomes' which is the cutting edge of cellular skin repair.,Exosome Technology,Exosomes,Cellular Repair,Serum,Aging Signs,Ingredient-Driven Trend
170,Blog Snippet,The trend of using 'DNA Kits' to determine your personalized skincare routine is expensive but precise.,DNA-Based Skincare,N/A,Precision,All Products,Guesswork,Cultural/Lifestyle Shift
171,Social Media Post,I only use products with 'sustainable palm oil' certifications. Ethics in sourcing matter to me.,Sustainable Sourcing,Palm Oil,Ethical Sourcing,All Products,Deforestation,Format/Sustainability Shift
172,Product Review,This anti-pollution mist is my favorite for when I travel to big cities. It's a total skin barrier shield.,Anti-Pollution Skincare,Antioxidants,Barrier Shield,Mist,City Grime,Problem-Solving Innovation
173,Blog Snippet,The focus is shifting to 'Epigenetics' in skincare—how environment and lifestyle affect gene expression.,Epigenetics Skincare,Adaptogens,Gene Expression,Serum,Genetic Predisposition,Problem-Solving Innovation
174,Social Media Post,I'm using the 'Sandwich Method' with my strong BHA toner to make it less irritating on my chin.,Acid Sandwich Method,BHA,Irritation Prevention,Toner,Burning,Technique/Routine Trend
175,Product Review,This 'solid' SPF stick is genius for reapplication throughout the day. Zero mess and easy to carry.,Solid SPF Stick,N/A,Portability,Sunscreen,Reapplication,Format/Sustainability Shift
176,Blog Snippet,The rise of 'Smart Devices' that use AI to scan your skin and recommend a personalized serum formula.,AI Skin Analysis,AI Scanner,Personalization,Device,Inaccurate Self-Diagnosis,Cultural/Lifestyle Shift
177,Social Media Post,My derm says I should look for products with 'Hypochlorous Acid' to calm my rosacea flares.,Hypochlorous Acid,Hypochlorous Acid,Calming,Spray,Rosacea,Ingredient-Driven Trend
178,Product Review,I love that this brand focuses on 'minimalist packaging' with no unnecessary boxes or inserts.,Minimalist Packaging,N/A,Reduced Waste,All Products,Excess Packaging,Format/Sustainability Shift
179,Blog Snippet,The move toward 'Waterless' sunscreens is driven by the desire for higher SPF concentration and smaller packaging.,Waterless Sunscreen,N/A,Concentration,Sunscreen,Water Dilution,Format/Sustainability Shift
180,Social Media Post,I tried the 'slugging' trend with my expensive night cream instead of petroleum. Huge waste of product.,Slugging (Expensive Product),Night Cream,Hydration Lock,Cream,Product Waste,Fad/Misinformation
181,Product Review,The 'PHA' body lotion has drastically improved the bumpy texture on my arms without irritation.,PHA (Polyhydroxy Acids),PHA,Texture Smoothing,Body Lotion,Keratosis Pilaris,Ingredient-Driven Trend
182,Blog Snippet,Why 'Micro-Needling' pens at home are the new frontier for collagen induction, but come with risks.,At-Home Micro-Needling,N/A,Collagen Induction,Tool,Infection Risk,Fad/Misinformation
183,Social Media Post,I'm only using 'reef-safe' mineral sunscreens now. It's the least I can do for the environment.,Reef-Safe Sunscreen,Mineral Filters,Environmental Safety,Sunscreen,Ocean Pollution,Format/Sustainability Shift
184,Product Review,The 'Bakuchiol' in this eye cream is so gentle but I can still see my fine lines softening.,Bakuchiol (Retinol Alternative),Bakuchiol,Gentle Line Reduction,Eye Cream,Eye Sensitivity,Ingredient-Driven Trend
185,Blog Snippet,The concept of 'Skin Longevity' is the next evolution of anti-aging, focusing on internal skin health.,Skin Longevity,Adaptogens,Cellular Health,Serum,Surface-Level Care,Problem-Solving Innovation
186,Social Media Post,I'm obsessed with my 'gua sha' routine. It helps with lymphatic drainage after a salty meal.,Gua Sha/Facial Massage,N/A,De-puffing,Tool,Salty Meal Bloat,Technique/Routine Trend
187,Product Review,The 'Ceramide Barrier' focus is legit. This cream instantly calmed my burning, irritated skin.,Ceramide Barrier Repair,Ceramides,Damage Reversal,Cream,Irritation,Ingredient-Driven Trend
188,Blog Snippet,The rise of 'Tech Neck' creams is a direct response to consumers looking down at phones all day.,Tech Neck Prevention,Peptides,Line Reduction,Neck Cream,Posture Wrinkles,Problem-Solving Innovation
189,Social Media Post,I only buy 'upcycled' ingredients now. It's the only way to ensure I'm minimizing my environmental impact.,Upcycled Ingredients,N/A,Sustainability,All Products,Wastefulness,Format/Sustainability Shift
190,Product Review,This 'Tranexamic Acid' spot treatment is magic for my post-acne dark spots. They faded so fast.,Tranexamic Acid,Tranexamic Acid,Dark Spot Fading,Spot Treatment,PIH,Ingredient-Driven Trend
191,Blog Snippet,The 'Blue Light' filters in daytime moisturizers are essential for modern screen-heavy lifestyles.,Blue Light Protection,Antioxidants,Digital Aging Prevention,Moisturizer,Screen Damage,Problem-Solving Innovation
192,Social Media Post,I tried the 'Egg White Mask' I saw online, but it dried out my skin and caused a reaction. Bad idea.,DIY Skincare (Protein),Egg Whites,Pore Tightening,Mask,Drying,Fad/Misinformation
193,Product Review,This serum has 'Fermented Yeast' and is so much more hydrating than the regular version of the ingredient.,Fermented Skincare,Fermented Yeast,Hydration,Serum,Ingredient Efficacy,Ingredient-Driven Trend
194,Blog Snippet,The best way to incorporate Retinol is to 'micro-dose' it every night rather than a high dose a few times a week.,Micro-Dosing Actives,Retinol,Consistency,Serum,Irritation,Technique/Routine Trend
195,Social Media Post,I'm sticking to the '7-Skin Method' for my evening routine. My skin is noticeably plumper and dewier.,7-Skin Method,Essence,Plumping,Toner,Dehydration,Technique/Routine Trend
196,Product Review,I only buy products that explicitly state they are 'cruelty-free' and ethically sourced ingredients.,Ethical/Cruelty-Free,N/A,Ethical Sourcing,All Products,Animal Testing,Cultural/Lifestyle Shift
197,Blog Snippet,The focus on 'Anti-Glycation' shows that diet and lifestyle are finally being taken seriously in skincare.,Anti-Glycation,N/A,Preventative Care,Serum,Dietary Damage,Problem-Solving Innovation
198,Social Media Post,The 'microcurrent' wand is the best money I've spent on my face this year. My cheekbones are defined!,Microcurrent Devices,N/A,Contouring,Device,Lack of Definition,Cultural/Lifestyle Shift
199,Product Review,This moisturizer has a 'Postbiotic' complex that instantly calmed my redness and irritation.,Postbiotic Skincare,Postbiotics,Redness Reduction,Moisturizer,Irritation,Ingredient-Driven Trend
200,Blog Snippet,The 'Oil Cleansing' method is non-negotiable for removing stubborn water-resistant sunscreens effectively.,Oil Cleansing,Oil,Thorough Cleansing,Cleanser,Sunscreen Residue,Technique/Routine Trend
